{"val_loss": [215.41725158691406, 174.29527282714844, 154.13565063476562, 165.21905517578125, 46.12217712402344, 19.75048065185547, 23.716279983520508, 21.437305450439453, 100.90426635742188, 142.33584594726562, 93.21286010742188, 80.13479614257812, 21.495079040527344, 18.479272842407227, 15.387319564819336, 17.34247589111328, 15.844435691833496, 23.374372482299805, 49.140506744384766, 28.839515686035156, 20.415884017944336, 32.578086853027344, 17.658658981323242, 16.631532669067383, 16.320005416870117, 15.987714767456055, 15.586109161376953, 15.226923942565918, 14.782829284667969, 14.214726448059082, 13.528233528137207, 13.543527603149414, 11.391083717346191, 9.227154731750488, 5.411190032958984, 11.690777778625488, 10.283857345581055, 9.592731475830078, 9.201276779174805, 7.557067394256592, 7.004550933837891, 6.651262283325195, 6.279095649719238, 6.540420055389404, 6.159421443939209, 5.6757988929748535, 5.697081089019775, 32.66004943847656, 16.454113006591797, 12.32641315460205, 11.337520599365234, 7.811486721038818, 10.69656753540039, 8.88033390045166, 9.04406452178955], "loss": [230.7474074377692, 230.75990467686808, 197.65853620624262, 165.01651376293552, 118.51767800630363, 40.22072304728444, 36.8206785780943, 27.129864031268703, 43.41302338093956, 60.50281935633103, 110.3907627541998, 88.3373623341759, 68.05896049231029, 22.702817687540808, 16.644673106257866, 14.7026536884196, 15.872804341777679, 24.566603666176896, 16.459841720519528, 49.45118690795563, 24.301099423439272, 31.656393322427252, 17.476565640692836, 15.472718182896589, 15.137849131637305, 14.803173249068498, 14.48432004556628, 14.242325589104482, 13.816833153498138, 13.274354017375153, 12.64767150305583, 13.216474872180793, 11.340194600068928, 9.561919422093725, 7.465160798467149, 18.541570878448375, 10.110228526627214, 9.20455055607379, 8.71730318097425, 8.096567907291423, 6.911450387445713, 6.441567427252045, 6.202897988456435, 6.7000817200305525, 5.895854070389376, 5.785163667894179, 5.2898202673081425, 15.726100203228835, 20.757152785304005, 13.140897165645253, 10.264254141413222, 9.369952782507866, 10.179137687878875, 8.92520611377056, 8.710066807934266], "Training time": 4.497110843658447, "Training epochs": 55, "lr": 0.007, "mom": 0.7, "decay_rate": 0.0005, "nesterov": false, "epochs": 5000, "batch_size": 245, "activation": "relu"}