Index,Score,batch_size,epochs,lr,mom
0,0.45531463623046875,32,10,0.1,0.5
1,0.45531463623046875,32,10,1.0,0.5
