Index,Score,bootstrap,max_features,min_samples_split
0,0.8356666666666668,True,auto,2
1,0.8363333333333334,True,auto,5
2,0.8283333333333334,True,auto,10
3,0.8283333333333334,True,sqrt,2
4,0.8203333333333334,True,sqrt,5
5,0.8200000000000001,True,sqrt,10
6,0.8766666666666666,False,auto,2
7,0.8690000000000001,False,auto,5
8,0.8683333333333334,False,auto,10
9,0.8683333333333334,False,sqrt,2
10,0.8686666666666667,False,sqrt,5
11,0.8606666666666666,False,sqrt,10
