Index,Score,C,kernel
0,0.544,0.0005960528706329332,linear
1,0.7496666666666667,0.10041233580769338,rbf
2,0.7156666666666667,0.004339355279709685,poly
3,0.6593333333333333,0.0004100897342504383,poly
4,0.7893333333333333,0.05220549110486146,poly
5,0.6916666666666667,0.0018486344353027527,poly
6,0.5599999999999999,0.001884715217118559,rbf
7,0.544,0.00043481439477498104,linear
8,0.544,0.0013947658593904204,linear
9,0.7483333333333333,0.014257849360150624,poly
