Index,C,Score,gamma
0,321.0,-0.8140000000000001,0.024
1,284.0,-0.8220000000000001,0.052000000000000005
2,300.0,-0.8220000000000001,0.051000000000000004
3,281.0,-0.8303333333333335,0.06
4,305.0,-0.8303333333333335,0.052000000000000005
5,302.0,-0.8216666666666667,0.063
6,306.0,-0.8296666666666667,0.068
7,286.0,-0.8220000000000001,0.049
8,324.0,-0.7893333333333333,0.029
9,311.0,-0.8133333333333332,0.037
