Index,C,Score,kernel
0,0.00018806691007348776,0.536,linear
1,0.17533633506772697,0.7486666666666666,poly
2,0.005889113499719392,0.7083333333333334,poly
3,0.008035053884402827,0.6833333333333333,linear
4,0.08638655396212258,0.716,rbf
5,0.0007960495238191223,0.5599999999999999,rbf
6,0.00024033358368947302,0.544,linear
7,0.032540552151781116,0.708,poly
8,0.01555932108335405,0.5599999999999999,rbf
9,0.037441511673365034,0.5599999999999999,rbf
