,mean Validation Error,Parameter_C
0,10,0.9632121383301628
1,50,0.964818324831527
