,Parameter_C,Epsilon,Gamma,Mean_Val_Error
0,0.01,0.01,0.1,0.32595247239629493
1,0.01,0.01,0.01,0.32604135586086075
