,mean Validation Error,Parameter_C,Kernel
0,0.6746666666666666,1,linear
1,0.8043333333333333,1,rbf
2,0.6826666666666668,10,linear
3,0.8196666666666665,10,rbf
